dataset,condition_id,block_size,num_blocks,algorithm,runs,mean_rre,std_rre,mean_runtime_seconds,std_runtime_seconds,mean_accuracy,std_accuracy,mean_nmi,std_nmi
ORL,baseline,0,0,standard_nmf,5,0.13586510023162124,0.0004540819040041434,1.1740180333610624,0.2320735539831206,0.7277777777777779,0.029331544558253986,0.8595764776120923,0.019583269754867724
ORL,baseline,0,0,robust_l1_nmf,5,0.24382934593766475,0.0018761361896466738,3.4198324001859874,0.7814889394387783,0.48888888888888893,0.01832070271982353,0.6992683190416182,0.0051171281523454855
ORL,b10_k1,10,1,standard_nmf,5,0.3842700422346119,0.004031095790416155,1.1515886752167717,0.19835520300575477,0.24222222222222226,0.013234588055079554,0.4117574022859395,0.006170318725866602
ORL,b10_k1,10,1,robust_l1_nmf,5,0.25577578464632594,0.002485388040560937,3.148697958420962,0.3467318778550008,0.4155555555555555,0.020374578689880286,0.6157853382763636,0.020441072386535142
ORL,b10_k2,10,2,standard_nmf,5,0.5236978935734674,0.0031655948101348384,1.554051083046943,0.802430615870704,0.2127777777777778,0.015786969153758688,0.3877340014601676,0.020891998012273264
ORL,b10_k2,10,2,robust_l1_nmf,5,0.29052579287952984,0.0065966949134855955,3.2559496250003575,0.4447029817365902,0.31333333333333335,0.02026064725423385,0.5075415832712866,0.02554607809755703
ORL,b10_k3,10,3,standard_nmf,5,0.6383018602329579,0.0022276752986900394,1.2275758831994608,0.22008530644295834,0.2011111111111111,0.015786969153758684,0.36571406459583533,0.024500589164059294
ORL,b10_k3,10,3,robust_l1_nmf,5,0.4694298760756984,0.02493026061771165,3.399725666618906,0.5939223659470249,0.20722222222222225,0.00750514227005905,0.37850164462022134,0.013963758754922735
ORL,b15_k1,15,1,standard_nmf,5,0.5550472686140517,0.0025575483633748356,1.2103607582161202,0.19047868667627468,0.24055555555555558,0.008914892519934004,0.41995464080521006,0.015595689222817613
ORL,b15_k1,15,1,robust_l1_nmf,5,0.5656858173430993,0.009902320793553306,4.012227824749425,1.6275173597127308,0.2783333333333333,0.027315599486532262,0.47345702856110294,0.030528718624776775
ORL,b20_k1,20,1,standard_nmf,5,0.5966825551729199,0.0017808268328465676,1.3628073165891692,0.49041194102378877,0.205,0.0041201102706086975,0.3736694456049662,0.004844995674105444
ORL,b20_k1,20,1,robust_l1_nmf,5,0.6229766120822782,0.0015734487382369055,3.380469582998194,0.5222960704016657,0.18722222222222223,0.0037267799624996593,0.34234746344825073,0.0079958694621709
YaleB,baseline,0,0,standard_nmf,5,0.19347706324569552,0.0008177832692477123,15.118411867017858,1.4512111964844792,0.2237459733087897,0.01416692888986504,0.3031236430538883,0.008821540991448194
YaleB,baseline,0,0,robust_l1_nmf,5,0.2876832659820767,0.0022810082219717875,41.539857025211674,3.4406050839368887,0.0781408191440405,0.0016073860282165677,0.07224942146357842,0.006576273703203002
YaleB,b10_k1,10,1,standard_nmf,5,0.4737056569116012,0.002735692311445643,15.006659974972717,1.547102147196075,0.12360791532443627,0.011461492228436846,0.14117697172954075,0.017565073222789454
YaleB,b10_k1,10,1,robust_l1_nmf,5,0.29168611349276635,0.0022889682164054822,40.56377165000886,0.846372487415114,0.07998159226875287,0.0012348281514034758,0.07624339422534271,0.006463472071697301
YaleB,b10_k2,10,2,standard_nmf,5,0.6482791041383429,0.0010319832414574562,15.138592108199372,2.0291483932405288,0.09884951679705475,0.0024000745164114664,0.09812974006062666,0.006652984274641586
YaleB,b10_k2,10,2,robust_l1_nmf,5,0.2922339868278013,0.0007846205277525061,39.56088206698187,1.5459551309811321,0.08099401748734468,0.0032377467279038835,0.0721264388716191,0.004348703090470652
YaleB,b10_k3,10,3,standard_nmf,5,0.7841308377927653,0.003165639083687587,14.364229275053367,0.6208748668576503,0.09240681086056143,0.003937275588809471,0.0934723148602172,0.011077797734258222
YaleB,b10_k3,10,3,robust_l1_nmf,5,0.30849710203433245,0.001984198256476219,40.03277666657232,1.1090869899037223,0.08421537045559135,0.002083613699525408,0.08690654524068508,0.006276433550078111
YaleB,b15_k1,15,1,standard_nmf,5,0.705483471980225,0.0018025676374410409,14.13926580841653,0.5068415538037359,0.09231477220432582,0.001512349445481362,0.08786294243579955,0.006611353513144546
YaleB,b15_k1,15,1,robust_l1_nmf,5,0.4109928321005506,0.03365782167451351,40.08809438336175,1.3447555588811742,0.08384721583064889,0.0019085541972690002,0.08126338533501445,0.007842899468341468
YaleB,b20_k1,20,1,standard_nmf,5,0.9453858487431559,0.0032479223670538603,14.138203791598789,0.4535382195208503,0.08568798895536124,0.002400074516411464,0.08043952010046482,0.0035689540843048743
YaleB,b20_k1,20,1,robust_l1_nmf,5,0.9714682284811997,0.002542802871417955,40.50919442481827,1.8012223212782228,0.0840312931431201,0.0040980463618763355,0.07935739779427003,0.009258468597499053
